label,pattern,attr,replace,suffix_term
about,about,lower,about,
about,approx,lower,about,
about,approx.,lower,about,
about,approximate,lower,about,
about,ca,lower,about,
about,ca .,lower,about,
about,ca.,lower,about,
count_word,absent,lower,0,
count_word,decamerous,lower,10,
count_word,decamery,lower,10,
count_word,dimerous,lower,2,
count_word,dimery,lower,2,
count_word,double,lower,2,
count_word,heptamerous,lower,7,
count_word,heptamery,lower,7,
count_word,hexamerous,lower,6,
count_word,hexamery,lower,6,
count_word,monomerous,lower,1,
count_word,monomery,lower,1,
count_word,nonamerous,lower,9,
count_word,nonamery,lower,9,
count_word,octamerous,lower,8,
count_word,octamery,lower,8,
count_word,pentamerous,lower,5,
count_word,pentamery,lower,5,
count_word,simple,lower,1,
count_word,single,lower,1,
count_word,tetrad,lower,4,
count_word,tetramerous,lower,4,
count_word,tetramery,lower,4,
count_word,triad,lower,3,
count_word,trimerous,lower,3,
count_word,trimery,lower,3,
count_word,triple,lower,3,
cross,×,lower,×,
cross,x,lower,x,
dim,d.b.h.,lower,dbh,
dim,dbh,lower,dbh,
dim,dia,lower,diameter,
dim,dia.,lower,diameter,
dim,diam,lower,diameter,
dim,diam.,lower,diameter,
dim,diameter,lower,diameter,
dim,diameter at breast height,lower,dbh,
dim,diameter breast height,lower,dbh,
dim,diameters,lower,diameter,
dim,height,lower,height,
dim,high,lower,height,
dim,in dia,lower,diameter,
dim,in diam,lower,diameter,
dim,in diameter,lower,diameter,
dim,in height,lower,height,
dim,length,lower,length,
dim,long,lower,length,
dim,radius,lower,radius,
dim,tall,lower,height,
dim,thick,lower,thickness,
dim,thickness,lower,thickness,
dim,wide,lower,width,
dim,width,lower,width,
count_suffix,- carpellate,lower,carpellate,female_flower_part
count_suffix,-carpellate,lower,carpellate,female_flower_part
female_flower_part,apocarpus,lower,apocarpus,
female_flower_part,carpellate,lower,carpellate,
female_flower_part,compound pistil,lower,compound pistil,
female_flower_part,funicle,lower,funicle,
female_flower_part,funicles,lower,funicle,
female_flower_part,funiculus,lower,funiculus,
female_flower_part,gynoecia,lower,carpel,
female_flower_part,gynoecium,lower,carpel,
female_flower_part,locule,lower,locule,
female_flower_part,loculus,lower,loculus,
female_flower_part,multicarpellate,lower,multicarpellate,
female_flower_part,ovaries,lower,ovary,
female_flower_part,ovary,lower,ovary,
female_flower_part,ovule,lower,ovary,
female_flower_part,ovules,lower,ovary,
female_flower_part,pistil,lower,pistil,
female_flower_part,pistillode,lower,pistil,
female_flower_part,pistillodes,lower,pistil,
female_flower_part,pistils,lower,carpel,
female_flower_part,placenta,lower,placenta,
female_flower_part,seed-funicle,lower,seed-funicle,
female_flower_part,septa,lower,septum,
female_flower_part,septum,lower,septum,
female_flower_part,stigma,lower,stigma,
female_flower_part,stigmas,lower,stigma,
female_flower_part,unicarpellate,lower,unicarpellate,
flower_location,epigynous,lower,inferior,
flower_location,half-inferior,lower,inferior,
flower_location,hypogynous,lower,superior,
flower_location,inferior,lower,inferior,
flower_location,perigynous,lower,perigynous,
flower_location,superior,lower,superior,
flower_morphology,accrescent,lower,accrescent,
flower_morphology,anthesis,lower,anthesis,
count_suffix,- flowered,lower,flower,flower_part
flower_part,acephalous,lower,corona,
flower_part,achlamydeous,lower,achlamydeous,
flower_part,apetalous,lower,apetalous,
flower_part,bract,lower,bract,
flower_part,calyces,lower,calyx,
flower_part,calyx,lower,calyx,
inflorescence,capitula,lower,capitulum,
inflorescence,capitulum,lower,capitulum,
flower_part,carpel,lower,carpel,
flower_part,carpels,lower,carpel,
flower_part,claw,lower,claw,
flower_part,claws,lower,claw,
flower_part,corolla,lower,corolla,
flower_part,corollas,lower,corolla,
flower_part,corona,lower,corona,
flower_part,coronas,lower,coronas,
flower_part,disk,lower,disk,
flower_part,disks,lower,disk,
flower_part,epicalyces,lower,epicalyx,
flower_part,epicalyx,lower,epicalyx,
flower_part,fl,lower,flower,
flower_part,fl-buds,lower,flower-buds,
flower_part,fld,lower,flowered,
flower_part,floral axis,lower,floral axis,
flower_part,floral bracts,lower,bract,
flower_part,floral envelope,lower,floral envelope,
flower_part,floral leaves,lower,leaf,
flower_part,flower,lower,flower,
flower_part,flowering branch,lower,branch,
flower_part,flowering branches,lower,branch,
flower_part,flowering stem,lower,flowering stem,
flower_part,flowering stems,lower,flowering stem,
flower_part,flowers,lower,flower,
flower_part,fls,lower,flower,
flower_part,hypanthia,lower,hypanthium,
flower_part,hypanthium,lower,hypanthium,
flower_part,keel,lower,keel,
flower_part,keels,lower,keel,
flower_part,nectar disk,lower,nectar disk,
flower_part,nectaries,lower,nectary,
flower_part,nectary,lower,nectary,
flower_part,pedicel,lower,pedicel,
flower_part,pedicels,lower,pedicel,
flower_part,peduncle,lower,peduncle,
flower_part,perianth,lower,perianth,
flower_part,petal,lower,petal,
flower_part,petals,lower,petal,
flower_part,receptacle,lower,receptacle,
flower_part,sepal,lower,sepal,
flower_part,sepals,lower,sepal,
flower_part,tepal,lower,tepal,
flower_part,tepals,lower,tepal,
fruit_part,achaenocarp,lower,achaenocarp,
fruit_part,achene,lower,achene,
fruit_part,achenes,lower,achene,
fruit_part,beak,lower,beak,
fruit_part,beaks,lower,beak,
fruit_part,berries,lower,berry,
fruit_part,berry,lower,berry,
fruit_part,capsule,lower,capsule,
fruit_part,capsules,lower,capsule,
fruit_part,caryopsis,lower,caryopsis,
fruit_part,circumscissile,lower,circumscissile,
fruit_part,cotyledon,lower,cotyledon,
fruit_part,cotyledons,lower,cotyledon,
fruit_part,dehiscent,lower,dehiscent,
fruit_part,drupe,lower,drupe,
fruit_part,drupes,lower,drupes,
fruit_part,endocarp,lower,endocarp,
fruit_part,exocarp,lower,exocarp,
fruit_part,fruit,lower,fruit,
fruit_part,fruiting perianth,lower,perianth,
fruit_part,fruits,lower,fruit,
fruit_part,hilum,lower,hilum,
fruit_part,indehiscent,lower,indehiscent,
fruit_part,infructescence,lower,infructescence,
fruit_part,infructescences,lower,infructescence,
fruit_part,legume,lower,legume,
fruit_part,legumes,lower,legume,
fruit_part,mesocarp,lower,mesocarp,
fruit_part,nut,lower,nut,
fruit_part,nutlet,lower,nutlet,
fruit_part,nutlets,lower,nutlet,
fruit_part,nuts,lower,nut,
fruit_part,pepo,lower,pepo,
fruit_part,pepos,lower,pepo,
fruit_part,pericarp,lower,pericarp,
fruit_part,pleurogram,lower,pleurogram,
fruit_part,pod,lower,pod,
fruit_part,pods,lower,pod,
fruit_part,pome,lower,pome,
fruit_part,pomes,lower,pome,
fruit_part,pyrena,lower,pyrena,
fruit_part,replum,lower,replum,
fruit_part,samara,lower,samara,
fruit_part,sarcotesta,lower,sarcotesta,
fruit_part,sclerotesta,lower,sclerotesta,
fruit_part,seed,lower,seed,
fruit_part,seed-testa,lower,testa,
fruit_part,seedpod,lower,seedpod,
fruit_part,seedpods,lower,seedpod,
fruit_part,seeds,lower,seed,
fruit_part,suture,lower,suture,
fruit_part,testa,lower,testa,
fruit_part,utricle ,lower,utricle ,
habitat,lithophyte,lower,lithophytic,
habitat,lithophytic,lower,lithophytic,
habitat,parasite,lower,parasitic,
inflorescence,anthela,lower,anthela,
inflorescence,bostryx,lower,bostryx,
inflorescence,calathid,lower,calathid,
inflorescence,catkin,lower,catkin,
inflorescence,catkins,lower,catkin,
inflorescence,cincinnus,lower,cincinnus,
inflorescence,compound capitulum,lower,compound capitulum,
inflorescence,compound raceme,lower,compound raceme,
inflorescence,compound spike,lower,compound spike,
inflorescence,compound spikes,lower,compound spikes,
inflorescence,compound umbel,lower,compound umbel,
inflorescence,corymb,lower,corymb,
inflorescence,cyathium,lower,cyathium,
inflorescence,cyme,lower,cyme,
inflorescence,cymes,lower,cyme,
inflorescence,cymose corymb,lower,cymose corymb,
inflorescence,dichasium,lower,dichasium,
inflorescence,double cyme ,lower,double cyme ,
inflorescence,double umbel,lower,double umbel,
inflorescence,drepanium,lower,drepanium,
inflorescence,false spike,lower,false spike,
inflorescence,fascicles,lower,fascicles,
inflorescence,fl-spikes,lower,flower-spikes,
inflorescence,glomerule,lower,glomerule,
inflorescence,glomerules,lower,glomerule,
inflorescence,head,lower,head,
inflorescence,heads,lower,head,
inflorescence,heterothetic,lower,heterothetic,
inflorescence,homeothetic,lower,homeothetic,
inflorescence,inflorescence,lower,inflorescence,
inflorescence,inflorescence-axes,lower,inflorescence-axes,
inflorescence,inflorescences,lower,inflorescence,
inflorescence,inflorescenses,lower,inflorescence,
inflorescence,monochasium,lower,monochasium,
inflorescence,panicle,lower,panicle,
inflorescence,panicles,lower,panicle,
inflorescence,pseudoraceme,lower,pseudoraceme,
inflorescence,pseudoracemes,lower,pseudoraceme,
inflorescence,raceme,lower,raceme,
inflorescence,racemes,lower,raceme,
inflorescence,rhipidium,lower,rhipidium,
inflorescence,solitary,lower,solitary,
inflorescence,spadix,lower,spadix,
inflorescence,spica,lower,spica,
inflorescence,spike,lower,spike,
inflorescence,spikes,lower,spikes,
inflorescence,syconium,lower,syconium,
inflorescence,thyrse,lower,thyrse,
inflorescence,thyrsoid,lower,thyrsoid,
inflorescence,triple umbel,lower,triple umbel,
inflorescence,umbel,lower,umbel,
inflorescence,verticil,lower,verticil,
inflorescence,verticillaster,lower,verticillaster,
leaf_duration,deciduous,lower,deciduous,
leaf_duration,evergreen,lower,evergreen,
duration,fugacious,lower,fugacious,
duration,marcescent,lower,marcescent,
duration,persistent,lower,persistent,
leaf_duration,semi-deciduous,lower,semi-deciduous,
leaf_duration,semi-evergreen,lower,semi-evergreen,
duration,subpersistent,lower,subpersistent,
leaf_folding,carinate,lower,carinate,
leaf_folding,conduplicate,lower,conduplicate,
leaf_folding,cucullate,lower,cucullate,
leaf_folding,involute,lower,involute,
leaf_folding,plicate,lower,plicate,
leaf_folding,reduplicate,lower,reduplicate,
leaf_folding,revolute,lower,revolute,
margin,corrugated,lower,corrugated,
margin,crenate,lower,crenate,
margin,crenulate,lower,crenulate,
margin,dentate,lower,dentate,
margin,denticulate,lower,denticulate,
margin,doubly serrate,lower,doubly serrate,
margin,entire,lower,entire,
margin,lobate,lower,lobate,
margin,lobulate,lower,lobulate,
margin,pluriseriate,lower,pluriseriate,
margin,pungent,lower,pungent,
margin,scalloped,lower,scalloped,
margin,serrate,lower,serrate,
margin,serrulate,lower,serrulate,
margin,spiny,lower,spiny,
margin,toothed,lower,toothed,
margin,undulate,lower,undulate,
margin,uniseriate,lower,uniseriate,
leaf_part,bathyphyll,lower,bathyphyll,
leaf_part,blade,lower,leaf,
leaf_part,blades,lower,leaf,
leaf_part,bracteole,lower,bract,
leaf_part,bracteoles,lower,bract,
leaf_part,bractlet,lower,bract,
leaf_part,bractlets,lower,bract,
leaf_part,bracts,lower,bract,
leaf_part,foliage,lower,foliage,
leaf_part,lamina,lower,lamina,
leaf_part,leaf,lower,leaf,
leaf_part,leaf blade,lower,leaf,
leaf_part,leaf blades,lower,leaf,
leaf_part,leaf-bracteate,lower,leaf-bracteate,
leaf_part,leaf-stalk,lower,leaf-stalk,
leaf_part,leaflet,lower,leaflet,
leaf_part,leaflet blade,lower,leaflet,
leaf_part,leaflet blades,lower,leaflet,
leaf_part,leaflets,lower,leaflet,
leaf_part,leaves,lower,leaf,
leaf_part,lf,lower,leaf,
leaf_part,lf-axes,lower,leaf-axis,
leaf_part,lf-stk,lower,leaf-stalk,
leaf_part,lf-stks,lower,leaf-stalk,
leaf_part,lft,lower,leaflet,
leaf_part,lfts,lower,leaflet,
leaf_part,ligule,lower,ligule,
leaf_part,lvd,lower,leaved,
leaf_part,lvs,lower,leaf,
venation,midrib,lower,midrib,
venation,midvein,lower,midrib,
leaf_part,perigonium,lower,perianth,
leaf_part,petiole,lower,petiole,
leaf_part,petiole blade,lower,petiole,
leaf_part,petiole blades,lower,petiole,
leaf_part,petioles,lower,petiole,
leaf_part,petiolule,lower,petiolule,
leaf_part,petiolules,lower,petiolule,
leaf_part,phyllode,lower,phyllode,
leaf_part,phyllodes,lower,phyllode,
part,pinna,lower,pinna,
part,pinna-rachis,lower,pinna-rachis,
part,pinna-rachises,lower,pinna-rachis,
leaf_part,pinnule,lower,pinnule,
leaf_part,pinnules,lower,pinnule,
leaf_part,pulvini,lower,pulvini,
leaf_part,pulvinule,lower,pulvinule,
leaf_part,pulvinus,lower,pulvinus,
part,rachis,lower,rachis,
venation,ribbed,lower,rib,
leaf_part,shade-leaf,lower,leaf,
leaf_part,shade-leaves,lower,leaf,
leaf_part,sheath,lower,sheath,
leaf_part,sheaves,lower,sheaves,
leaf_part,stipel,lower,stipel,
leaf_part,stipels,lower,stipels,
leaf_part,stipule,lower,stipule,
leaf_part,stipules,lower,stipule,
leaf_part,stipuloid,lower,stipuloid,
count_suffix,- foliolate,lower,lobe,subpart
count_suffix,- lobed,lower,lobe,subpart
count_suffix,-foliolate,lower,lobe,subpart
count_suffix,-lobed,lower,lobe,subpart
shape,acicular,lower,polygonal,
shape,acuminate,lower,acuminate,
shape,acute,lower,acute,
shape,acutifolius,lower,acutifolius,
shape,amplexicaul,lower,amplexicaul,
shape,aristate,lower,aristate,
shape,asymmetrical,lower,asymmetrical,
shape,attenuate,lower,attenuate,
shape,auricle,lower,auricle,
shape,auriculate,lower,auriculate,
shape,bifoliate,lower,bifoliate,
shape,bifoliolate,lower,bifoliolate,
shape,bigeminate,lower,bigeminate,
shape,bilobate,lower,bilobate,
subpart,bilobed,lower,bilobate,
shape,bipinnate,lower,bipinnate,
shape,bipinnatisect,lower,bipinnatisect,
shape,biternate,lower,biternate,
shape,caudate,lower,caudate,
shape,cirrate,lower,cirrate,
shape,cirrus,lower,cirrus,
shape,cordate,lower,cordate,
shape,cordiform,lower,cordiform,
shape,cuneate,lower,cuneate,
shape,cuspidate,lower,cuspidate,
shape,deltate,lower,deltoid,
shape,deltate-triangular,lower,deltate-triangular,
shape,deltoid,lower,deltoid,
shape,digitate,lower,digitate,
shape,elliptic,lower,elliptic,
shape,emarginate,lower,emarginate,
shape,ensiform,lower,linear,
shape,even-pinnate,lower,even-pinnate,
shape,falcate,lower,falcate,
shape,fenestrate,lower,fenestrate,
shape,filiform,lower,filiform,
venation,flabellate,lower,flabellate,
shape,flabelliorm,lower,flabellate,
shape,foliolate,lower,lobe,
shape,geminate,lower,geminate,
shape,hastate,lower,hastate,
shape,imparipinnate,lower,imparipinnate,
per_count,jugate,lower,pairs,
shape,laciniate,lower,laciniate,
shape,laminar,lower,laminar,
shape,lance-attenuate,lower,lance-attenuate,
shape,lance-elliptic,lower,lance-elliptic,
shape,lance-linear,lower,lance-linear,
shape,lanceolate,lower,lanceolate,
shape,linear,lower,linear,
shape,linear-attenuate,lower,linear-attenuate,
shape,linear-oblong,lower,linear-oblong,
subpart,lobe,lower,lobe,
subpart,lobed,lower,lobe,
subpart,lobes,lower,lobe,
shape,lorate,lower,lorate,
shape,lyrate,lower,lyrate,
shape,mucronate,lower,mucronate,
shape,multifid,lower,multifid,
shape,no lobes,lower,0,
shape,obcordate,lower,obcordate,
shape,oblanceolate,lower,oblanceolate,
shape,oblique,lower,oblique,
shape,oblong,lower,oblong,
shape,obovate,lower,obovate,
shape,obtuse,lower,obtuse,
shape,odd-pinnate,lower,odd-pinnate,
shape,orbicular,lower,orbicular,
shape,orbicular-ovate,lower,orbicular,
shape,orbiculate,lower,orbicular,
shape,ovate,lower,ovate,
shape,ovate-acuminate,lower,ovate-acuminate,
venation,palmate,lower,palmate,
margin,palmately lobed,lower,palmately lobed,
shape,palmatifid,lower,palmatifid,
shape,palmatipartite,lower,palmatipartite,
shape,palmatisect,lower,palmatisect,
shape,pandurate,lower,pandurate,
shape,paripinnate,lower,paripinnate,
shape,pedate,lower,pedate,
shape,peltate,lower,peltate,
shape,perfoliate,lower,perfoliate,
shape,perforate,lower,perforate,
shape,pinnate,lower,pinnate,
margin,pinnately lobed,lower,pinnately lobed,
shape,pinnatifid,lower,pinnatifid,
shape,pinnatipartite,lower,pinnatipartite,
shape,pinnatisect,lower,pinnatisect,
shape,pluripinnate,lower,pluripinnate,
shape,reniform,lower,reniform,
shape,reniform-angulate,lower,reniform-polygonal,
shape,retuse,lower,retuse,
shape,rhombic,lower,rhomboic,
shape,rhombic-oblong,lower,rhombic-oblong,
shape,rhombic-obovoid-lentiform,lower,rhombic-obovoid-lentiform,
shape,rhomboic,lower,rhomboic,
shape,rhomboid,lower,rhomboid,
shape,rhomboidal,lower,rhomboidal,
shape,round,lower,orbicular,
shape,rounded,lower,orbicular,
shape,roundish,lower,orbicular,
shape,sagittate,lower,sagittate,
shape,semiamplexicaul,lower,semiamplexicaul,
shape,semiterete,lower,semiterete,
margin,sinuate,lower,sinuate,
subpart,sinus,lower,sinus,
subpart,sinuses,lower,sinus,
shape,spathulate,lower,spathulate,
shape,spatulate,lower,spatulate,
shape,spear-shaped,lower,spear-shaped,
shape,spearshaped,lower,spear-shaped,
shape,subacute,lower,subacute,
shape,subobtuse,lower,subobtuse,
shape,subulate,lower,subulate,
shape,sword-shaped,lower,sword-shaped,
shape,swordshaped,lower,swordshaped,
shape,terete,lower,terete,
shape,ternate,lower,ternate,
shape,trifoliate,lower,trifoliate,
shape,trifoliolate,lower,trifoliolate,
shape,trilobed,lower,trilobed,
shape,tripinnate,lower,tripinnate,
shape,trullate,lower,trullate,
shape,truncate,lower,truncate,
shape,unifoliate,lower,unifoliate,
shape,unlobed,lower,unlobed,
location,abaxial,lower,abaxial,
location,above,lower,above,
location,adaxial,lower,adaxial,
location,adventitious,lower,adventitious,
location,axillary,lower,axillary,
location,basal,lower,basal,
location,basifixed,lower,basifixed,
location,basipetal,lower,basipetal,
location,beneath,lower,beneath,
location,cauline,lower,cauline,
location,distally,lower,distal,
location,dorsal,lower,dorsal,
location,dorsally,lower,dorsal,
location,externally,lower,externally,
location,facially,lower,facially,
location,hysteranthous,lower,hysteranthous,
location,hysteranthously,lower,hysteranthously,
location,infrapetiolar,lower,infrapetiolar,
location,infrastipular,lower,infrastipular,
location,interfoliolar,lower,interfoliolar,
location,interpinnal,lower,interpinnal,
location,lateral,lower,lateral,
location,mesophyllidious,lower,mesophyllidious,
location,petiolar,lower,petiolar,
location,proximally,lower,proximal,
location,radical,lower,radical,
location,stemonozone,lower,stemonozone,
location,style,lower,style,
location,subcentric,lower,subcentric,
location,subtended,lower,subtended,
location,subtending,lower,subtending,
location,terminal,lower,terminal,
location,transverse,lower,transverse,
location,ventral ,lower,ventral ,
location,ventrally,lower,ventral ,
male_flower_part,adelphous,lower,adelphous,
male_flower_part,androecia,lower,stamen,
male_flower_part,androecium,lower,stamen,
male_flower_part,anther,lower,anther,
male_flower_part,anthers,lower,anther,
male_flower_part,connective,lower,connective,
male_flower_part,diadelphous,lower,diadelphous,
male_flower_part,didynamous,lower,didynamous,
male_flower_part,epipetalous,lower,epipetalous,
male_flower_part,exserted,lower,exserted,
male_flower_part,filament,lower,filament,
male_flower_part,filaments,lower,filament,
male_flower_part,gynandrium,lower,gynandrium,
male_flower_part,gynostegium,lower,gynostegium,
male_flower_part,introrse,lower,introrse,
male_flower_part,monadelphous,lower,monadelphous,
male_flower_part,monodelphous,lower,monodelphous,
male_flower_part,pollen,lower,pollen,
male_flower_part,pollen sac,lower,pollen sac,
male_flower_part,pollen sacs,lower,pollen sac,
male_flower_part,poricidal,lower,poricidal,
male_flower_part,stamen,lower,stamen,
male_flower_part,stamens,lower,stamen,
male_flower_part,staminode,lower,stamen,
male_flower_part,staminodes,lower,stamen,
male_flower_part,staminodia,lower,staminodia,
male_flower_part,staminodial,lower,staminodial,
male_flower_part,syngenesious,lower,syngenesious,
male_flower_part,tetradynamous,lower,tetradynamous,
male_flower_part,translator,lower,translator,
male_flower_part,trinucleate,lower,trinucleate,
male_flower_part,versatile,lower,versatile,
margin_follower,constricted,lower,constricted,
margin_follower,crisped,lower,crisped,
margin_follower,margined,lower,margined,
margin_leader,coarsely,lower,coarsely,
margin_leader,remotely,lower,remotely,
margin_leader,thickened,lower,thickened,
odor,fragrant,lower,fragrant,
part,acutangular,lower,acutangular,
part,bark,lower,bark,
part,brachyblast,lower,brachyblast,
part,branch,lower,branch,
part,branches,lower,branch,
part,branchlet,lower,branch,
part,branchlets,lower,branch,
part,bud,lower,bud,
part,buds,lower,bud,
part,caudex,lower,caudex,
part,caudices,lower,caudex,
part,cladode,lower,cladode,
part,cladophyll,lower,cladophyll,
part,corm,lower,corm,
part,craspedium,lower,craspedium,
part,indumenta,lower,indumentum,
part,indumentum,lower,indumentum,
part,indumentums,lower,indumentum,
part,lenticel,lower,lenticel,
part,lenticels,lower,lenticel,
part,non-flowering branch,lower,branch,
part,non-flowering branches,lower,branch,
part,non-flowering stem,lower,stem,
part,non-flowering stems,lower,stem,
flower_part,peduncles,lower,peduncle,
part,pith,lower,pith,
part,plant,lower,plant,
part,plants,lower,plant,
part,root,lower,root,
part,roots,lower,root,
part,rootstock,lower,rootstock,
part,rootstocks,lower,rootstock,
part,runner,lower,runner,
part,runners,lower,runner,
part,setae,lower,setae,
part,setulae,lower,setulae,
part,shrub,lower,shrub,
part,shrubs,lower,shrub,
part,spicule,lower,spicule,
part,spicules,lower,spicule,
part,stalk,lower,stalk,
part,stalks,lower,stalk,
part,stem,lower,stem,
part,stems,lower,stem,
part,stk,lower,stalk,
part,stks,lower,stalk,
part,stock,lower,rootstock,
part,stolon,lower,stolon,
part,stolons,lower,stolons,
part,subshrub,lower,shrub,
part,subshrubs,lower,shrub,
part,tree,lower,tree,
part,trees,lower,tree,
part,trunk,lower,trunk,
part,trunks,lower,trunk,
part,twig,lower,twig,
part,twigs,lower,twig,
count_suffix,- paired,lower,pairs,count_group
count_suffix,-paired,lower,pairs,count_group
per_count,1 or more clusters,lower,cluster,
per_count,cluster,lower,cluster,
per_count,clusters,lower,cluster,
per_count,one or more clusters,lower,cluster,
per_count,pair,lower,pairs,
per_count,paired,lower,pairs,
per_count,pairs,lower,pairs,
per_count,per row,lower,per row,
per_count,per side,lower,per side,
per_count,row,lower,row,
per_count,rows,lower,rows,
plant_duration,annual,lower,annual,
plant_duration,biennial,lower,biennial,
plant_duration,monocarp,lower,monocarp,
plant_duration,monocarpic,lower,monocarpic,
plant_duration,perennial,lower,perennial,
plant_duration,semelparous,lower,semelparous,
plant_habit,acaulescent,lower,acaulescent,
plant_habit,acid plant,lower,acid plant,
plant_habit,arborescent,lower,arborescent,
plant_habit,ascending,lower,ascending,
plant_habit,assurgent,lower,assurgent,
plant_habit,branching,lower,branching,
plant_habit,caducous,lower,caducous,
plant_habit,caespitose,lower,cespitose,
plant_habit,caulescent,lower,caulescent,
plant_habit,cespitose,lower,cespitose,
plant_habit,climbing,lower,climbing,
plant_habit,creeping,lower,creeping,
plant_habit,decumbent,lower,decumbent,
plant_habit,deflexed,lower,deflexed,
plant_habit,determinate growth,lower,determinate growth,
plant_habit,dimorphic,lower,dimorphic,
plant_habit,ecad,lower,ecad,
plant_habit,ecotone,lower,ecotone,
plant_habit,ectogenesis,lower,ectogenesis,
plant_habit,ectoparasite,lower,ectoparasite,
plant_habit,epigeal,lower,epigeal,
plant_habit,epigean,lower,epigean,
plant_habit,epigeic,lower,epigeic,
plant_habit,epigeous,lower,epigeous,
plant_habit,epilithic,lower,epilithic,
plant_habit,epiphloedal,lower,epiphloedal,
plant_habit,epiphloedic,lower,epiphloedic,
plant_habit,epiphyllous,lower,epiphyllous,
plant_habit,epiphyte,lower,epiphytic,
plant_habit,epiphytic,lower,epiphytic,
plant_habit,equinoctial,lower,equinoctial,
plant_habit,eupotamous,lower,eupotamous,
plant_habit,euryhaline,lower,euryhaline,
plant_habit,eurythermous,lower,eurythermous,
plant_habit,exclusive species,lower,exclusive species,
plant_habit,exotic,lower,exotic,
plant_habit,exsiccatus,lower,exsiccatus,
plant_habit,free-standing,lower,free-standing,
plant_habit,frutescent,lower,frutescent,
plant_habit,fruticose,lower,fruticose,
plant_habit,humifuse,lower,humifuse,
plant_habit,indeterminate growth,lower,indeterminate growth,
plant_habit,lax,lower,lax,
plant_habit,liana,lower,liana,
plant_habit,parasitic,lower,parasitic,
plant_habit,precocious,lower,precocious,
plant_habit,procumbent,lower,procumbent,
plant_habit,prostrate,lower,prostrate,
plant_habit,repent,lower,repent,
plant_habit,semi-erect,lower,semi-erect,
plant_habit,shrubby,lower,shrub,
plant_habit,subacaulescent,lower,acaulescent,
plant_habit,subcaulescent,lower,acaulescent,
plant_habit,subshrubby,lower,shrub,
plant_habit,suffrutescent,lower,suffrutescent,
plant_habit,upright,lower,upright,
plant_habit,vine,lower,vine,
plant_habit,vines,lower,vine,
plant_habit,virgate,lower,virgate,
plant_morphology,heteropmorphic,lower,heteropmorphic,
plant_morphology,homomorphic,lower,homomorphic,
quest,?,lower,?,
quest,(?),lower,(?),
reproduction,androdioecious,lower,androdioecious,
reproduction,androecious,lower,androecious,
reproduction,androgynomonoecious,lower,androgynomonoecious,
reproduction,androgynous,lower,androgynous,
reproduction,andromonoecious,lower,andromonoecious,
reproduction,dichogamous,lower,dichogamous,
reproduction,dioecious,lower,dioecious,
reproduction,gynodioecious,lower,gynodioecious,
reproduction,gynodioecy,lower,gynodioecy,
reproduction,gynoecious,lower,gynoecious,
reproduction,gynomonoecious,lower,gynomonoecious,
reproduction,hermaphrodite,lower,hermaphrodite,
reproduction,hermaphroditic,lower,hermaphrodite,
reproduction,monoecious,lower,monoecious,
reproduction,polygamodioecious,lower,polygamodioecious,
reproduction,polygamomonoecious,lower,polygamomonoecious,
reproduction,polygamous,lower,polygamous,
male_reproduction,protandrous,lower,protandrous,
reproduction,protogynous,lower,protogynous,
reproduction,subandroecious,lower,subandroecious,
reproduction,subdioecious,lower,subdioecious,
reproduction,subgynoecious,lower,subgynoecious,
reproduction,trimonoecious,lower,trimonoecious,
reproduction,trioecious,lower,trioecious,
sex,(female),lower,female,
sex,(male),lower,male,
sex,(pistillate),lower,pistillate,
sex,(staminate),lower,staminate,
sex,[female],lower,female,
sex,[male],lower,male,
sex,[pistillate],lower,pistillate,
sex,[staminate],lower,staminate,
sex,bisexual,lower,bisexual,
sex,diclinous,lower,diclinous,
sex,imperfect,lower,imperfect,
sex,male,lower,male,
sex,monoclinous,lower,monoclinous,
sex,perfect,lower,perfect,
sex,pistillate,lower,pistillate,
sex,staminate,lower,staminate,
sex,synoecious,lower,synoecious,
sex,unisexual,lower,unisexual,
shape,actinomorphic,lower,radially symmetric,
shape,alate,lower,alate,
shape,amentiform,lower,amentiform,
shape,ampulliform,lower,ampulliform,
shape,angular,lower,angular,
shape,angular-orbiculate,lower,polygonal,
shape,angulate,lower,angulate,
shape,antrorsed,lower,antrorsed,
shape,apiculate,lower,apiculate,
shape,arched,lower,arched,
shape,baculiform,lower,baculiform,
shape,biconvex,lower,biconvex,
shape,bifid,lower,bifid,
shape,bifusiform,lower,bifusiform,
shape,bilabiate,lower,bilabiate,
shape,bilateral,lower,bilaterally symmetric,
shape,bowl-shaped,lower,saucerlike,
shape,bowlshaped,lower,saucerlike,
shape,branched,lower,branched,
shape,broad-based,lower,broad-based,
shape,bullate,lower,bullate,
shape,c-curved,lower,c-curved,
shape,calcarate,lower,calcarate,
shape,calceolate,lower,calceolate,
shape,campanulate,lower,campanulate,
shape,capitate,lower,capitate,
shape,capitulate,lower,capitulate,
shape,chaffy,lower,chaffy,
shape,circular,lower,orbicular,
shape,colliculate,lower,colliculate,
shape,compressed-obovoid,lower,compressed-obovoid,
shape,compressed-ovoid,lower,compressed-ovoid,
shape,concave,lower,concave,
shape,conelike,lower,conelike,
shape,contracted,lower,contracted,
shape,convex,lower,convex,
shape,coronate,lower,coronate,
shape,craspedial,lower,craspedial,
shape,crateriform,lower,saucerlike,
shape,cruciform,lower,cruciform,
shape,cultrate,lower,cultrate,
shape,cup-shaped,lower,cup-shaped,
shape,cupshaped,lower,cup-shaped,
shape,cupular,lower,cupular,
shape,cupulate,lower,cup-shaped,
shape,curved,lower,curved,
shape,cushion-shaped,lower,cushion-shaped,
shape,cyanthiform,lower,cyanthiform,
shape,cylindric,lower,cylindric,
shape,cylindrical,lower,cylindrical,
shape,cymbiform,lower,saucerlike,
shape,decurved,lower,decurved,
shape,depressed-deltate,lower,depressed-deltate,
shape,dilated,lower,dilated,
shape,diplostemonous,lower,diplostemonous,
shape,ellipsoid,lower,ellipsoid,
shape,ellipsoidal,lower,ellipsoidal,
shape,elliptic-oblanceolate,lower,elliptic-oblanceolate,
shape,elongate-ovate,lower,elongate-ovate,
shape,ensate,lower,ensate,
shape,fasciculate,lower,fasciculate,
shape,flagelliform,lower,flagelliform,
shape,foliate,lower,foliate,
shape,funiform,lower,funiform,
shape,funnelform,lower,funnelform,
shape,fused,lower,fused,
shape,fusiform,lower,fusiform,
shape,galeate,lower,galeate,
shape,gland-tipped,lower,gland-tipped,
shape,glandular-capitate,lower,glandular-capitate,
shape,globose,lower,spheric,
shape,grooved,lower,grooved,
shape,haplostemonous,lower,haplostemonous,
shape,hemispheric,lower,hemispheric,
shape,hippocrepiform,lower,hippocrepiform,
shape,incised,lower,incised,
shape,incurved,lower,incurved,
shape,incurved-ascending,lower,incurved-ascending,
shape,inequilateral,lower,inequilateral,
shape,inert,lower,inert,
shape,infundibular,lower,infundibular,
shape,irregular,lower,bilaterally symmetric,
shape,keeled,lower,keeled,
shape,labiate,lower,labiate,
shape,ligulate,lower,ligulate,
shape,liguliform,lower,liguliform,
shape,low-bullate,lower,low-bullate,
shape,monosymmetric,lower,monosymmetric,
shape,monosymmetrical,lower,monosymmetrical,
shape,moriform,lower,moriform,
shape,mounded,lower,mounded,
shape,multifoliolate,lower,multifoliolate,
shape,navicular,lower,cymbiform,
shape,obconic,lower,obconic,
shape,obese,lower,obese,
shape,oblong-elliptic,lower,oblong-elliptic,
shape,oblong-terete,lower,oblong,
shape,obovoid,lower,obovoid,
shape,obtriangular,lower,obtriangular,
shape,obtusangulate,lower,obtusangulate,
shape,obtuse-apiculate,lower,obtuse-apiculate,
shape,octagonal,lower,polygonal,
shape,octagonate,lower,polygonal,
shape,ovoid,lower,ovoid,
shape,ovoid-ellipsoid,lower,ovoid-ellipsoid,
shape,paleaceous,lower,paleaceous,
shape,palmatiite,lower,palmatiite,
shape,papilionaceous,lower,papilionaceous,
shape,pappiform,lower,pappiform,
shape,patelliform,lower,patelliform,
shape,pedicellate,lower,pedicellate,
shape,pendulous,lower,pendulous,
shape,pentagonal,lower,polygonal,
shape,pentangular,lower,polygonal,
shape,pentangulate,lower,polygonal,
shape,petiolate,lower,petiolate,
shape,pinnatiite,lower,pinnatiite,
shape,plain,lower,plain,
shape,plane,lower,plane,
shape,plumose,lower,plumose,
shape,plumpy,lower,plumpy,
shape,polygonal,lower,polygonal,
shape,polygonal - angulate,lower,polygonal,
shape,polygonal-angulate,lower,polygonal,
shape,pseudoracemose,lower,pseudoracemose,
shape,pulvinate,lower,pulvinate,
shape,pyriform,lower,pyriform,
shape,quadagulate,lower,polygonal,
shape,quadanguar,lower,polygonal,
shape,rectangular,lower,rhomboid,
shape,recurved,lower,recurved,
shape,recurving,lower,recurving,
shape,refracted,lower,refracted,
shape,regular,lower,radially symmetric,
shape,retrorse,lower,retrorse,
shape,rosette,lower,rosette,
shape,rosettes,lower,rosette,
shape,rotate,lower,rotate,
shape,rotund,lower,orbicular,
shape,s-curved,lower,s-curved,
shape,saccate,lower,saccate,
shape,salverform,lower,salverform,
shape,saucer-like,lower,saucerlike,
shape,saucer-shaped,lower,saucerlike,
shape,saucerlike,lower,saucerlike,
shape,saucershaped,lower,saucerlike,
shape,sausage-shaped,lower,sausage-shaped,
shape,scapiform,lower,scapiform,
shape,semicircular,lower,semicircular,
shape,semicordate,lower,semicordate,
shape,semisagittate,lower,semisagittate,
shape,semitriangular,lower,semitriangular,
shape,septagonal,lower,polygonal,
shape,septagonate,lower,polygonal,
shape,septate,lower,septate,
shape,setiform,lower,setiform,
shape,setose-cilliate,lower,setose-cilliate,
shape,sextagonal,lower,polygonal,
shape,sextagonate,lower,polygonal,
shape,short-stipitate,lower,short-stipitate,
shape,slender,lower,slender,
shape,spheric,lower,spheric,
shape,spicate,lower,spicate,
shape,spiculate,lower,spiculate,
shape,spikelike,lower,spikelike,
shape,squamiform,lower,squamiform,
shape,stalked,lower,stalked,
shape,stellate,lower,stellate,
shape,stellate-lepidote,lower,stellate-lepidote,
shape,stelliate,lower,stelliate,
shape,stelliform,lower,stelliform,
shape,stipitate glandular,lower,stipitate glandular,
shape,straight,lower,straight,
shape_leader,striately,lower,striately,
shape,styliform,lower,styliform,
shape,subalternate,lower,subalternate,
shape,subcordate,lower,subcordate,
shape,subcylindric,lower,cylindrical,
shape,subcylindrical,lower,cylindrical,
shape,subdecurved,lower,subdecurved,
shape,subequilateral,lower,subequilateral,
venation,subflabellate,lower,subflabellate,
shape,subglobose,lower,subglobose,
shape,subincurved,lower,subincurved,
shape,sublobulate,lower,sublobulate,
shape,submoriform,lower,submoriform,
shape,suborbicular,lower,orbicular,
shape,suborbiculate,lower,orbicular,
shape,subovoid,lower,subovoid,
shape,subpeltate,lower,subpeltate,
shape,subreniform,lower,reniform,
shape,subrhombic,lower,subrhombic,
shape,subterete,lower,subterete,
shape,sulcate,lower,sulcate,
shape,supervolute,lower,supervolute,
shape,symmetric,lower,symmetric,
shape,tapering,lower,tapering,
shape,tragacanthoid,lower,tragacanthoid,
shape,trapezoid,lower,trapezoid,
shape,triangular,lower,triangular,
shape,triangulate,lower,,
shape,trifid,lower,trifid,
shape,trinifoliate,lower,trinifoliate,
shape,tub-shaped,lower,tub-shaped,
shape,tubular,lower,tubular,
shape,turbinate,lower,turbinate,
shape,turbinate-campanulate,lower,turbinate-campanulate,
shape,twisted,lower,twisted,
shape,urceolate,lower,urceolate,
shape,urn-shaped,lower,urn-shaped,
shape,vaginate,lower,vaginate,
shape,valvate,lower,valvate,
shape,verruciform,lower,verruciform,
shape,zygomorphic,lower,bilaterally symmetric,
shape,zygomorphous,lower,bilaterally symmetric,
shape_leader,abruptly,lower,abruptly,
shape_leader,annulate,lower,annulate,
shape_leader,arborescently,lower,arborescently,
shape_leader,asymmetrically,lower,asymmetrically,
shape_leader,auricular,lower,auricular,
shape_leader,bilaterally,lower,bilaterally,
shape_leader,broadly,lower,broadly,
shape_leader,bulbously,lower,bulbously,
shape_leader,cuneately,lower,cuneately,
shape_leader,deeply,lower,deeply,
shape_leader,depressed,lower,depressed,
shape,elongate,lower,elongate,
shape_leader,firmly,lower,firmly,
shape_leader,forwardly,lower,forwardly,
shape_leader,gently,lower,gently,
shape_leader,horizontal,lower,horizontal,
shape_leader,inflated,lower,inflated,
shape_leader,irregularly,lower,irregularly,
shape_leader,long-,lower,long-,
shape_leader,loose,lower,loose,
shape_leader,microscopically,lower,microscopically,
shape_leader,mostly,lower,mostly,
shape_leader,narrowly,lower,narrowly,
shape_leader,nearly,lower,nearly,
shape_leader,obliquely,lower,obliquely,
shape_leader,obscurely,lower,obscurely,
shape_leader,palmately,lower,palmate,
shape_leader,paniculately,lower,paniculately,
shape_leader,partly,lower,partly,
shape_leader,pedately,lower,pedate,
shape_leader,pinnately,lower,pinnate,
shape_leader,pliantly,lower,pliantly,
shape_leader,plumply,lower,plumply,
shape_leader,radially,lower,radially,
shape_leader,semi,lower,semi,
shape_leader,shallowly,lower,shallowly,
shape_leader,sometimes,lower,sometimes,
shape_leader,squatly,lower,squatly,
shape_leader,sub,lower,sub,
shape_leader,subequally,lower,subequally,
shape_leader,symmetrically,lower,symmetrically,
shape_leader,vertically,lower,vertically,
count_suffix,- androus,lower,androus,male_part
count_suffix,- bracteolate,lower,bracteolate,leaf_part
count_suffix,- callose,lower,callose,subpart
count_suffix,- columned,lower,column,part
count_suffix,- horned,lower,horn,subpart
count_suffix,- incised,lower,incised,subpart
count_suffix,- jointed,lower,joint,subpart
count_suffix,- jug,lower,pairs,count_group
count_suffix,- locular,lower,locular,subpart
count_suffix,- merous,lower,merous,count
count_suffix,- nate,lower,nate,subpart
count_suffix,- ranked,lower,ranked,subpart
count_suffix,- rayed,lower,ray,subpart
count_suffix,- ribbed,lower,rib,venation
count_suffix,- seeded,lower,seed,fruit_part
count_suffix,- toothed,lower,tooth,leaf_margin
count_suffix,- veined,lower,vein,venation
count_suffix,-androus,lower,androus,male_part
count_suffix,-bracteolate,lower,bracteolate,leaf_part
count_suffix,-callose,lower,callose,subpart
count_suffix,-columned,lower,column,part
count_suffix,-flowered,lower,flower,flower_part
count_suffix,-horned,lower,horn,subpart
count_suffix,-incised,lower,incised,subpart
count_suffix,-jointed,lower,joint,subpart
count_suffix,-jug,lower,pairs,count_group
count_suffix,-locular,lower,locular,subpart
count_suffix,-merous,lower,merous,count
count_suffix,-nate,lower,nate,subpart
count_suffix,-nerved,lower,vein,venation
count_suffix,-ranked,lower,ranked,subpart
count_suffix,-rayed,lower,ray,subpart
count_suffix,-ribbed,lower,rib,venation
count_suffix,-seeded,lower,seed,fruit_part
count_suffix,-toothed,lower,tooth,leaf_margin
count_suffix,-veined,lower,vein,venation
subpart,aculei,lower,aculei,
subpart,aculeus,lower,aculeus,
subpart,apex,lower,apex,
subpart,apiculi,lower,apiculus,
subpart,apiculus,lower,apiculus,
subpart,appendix,lower,appendix,
subpart,article,lower,article,
subpart,articles,lower,article,
subpart,axil,lower,axil,
subpart,axils,lower,axil,
subpart,base,lower,base,
subpart,bases,lower,base,
subpart,bivalve,lower,bivalve,
subpart,bivalves,lower,bivalve,
subpart,bristle,lower,setae,
subpart,bristles,lower,setae,
subpart,callose,lower,callose,
subpart,callous,lower,callous,
subpart,cilia,lower,cilia,
subpart,ciliolate,lower,ciliolate,
part,columned,lower,column,
subpart,crown,lower,crown,
subpart,crowns,lower,crown,
subpart,cusp,lower,cusp,
subpart,dehiscence,lower,dehiscence,
subpart,endosperm,lower,endosperm,
part,fascicle,lower,fascicle,
subpart,flesh,lower,flesh,
part,flowered,lower,flower,
subpart,gland,lower,gland,
subpart,glands,lower,gland,
subpart,groove,lower,groove,
subpart,hair,lower,hair,
subpart,hairs,lower,hair,
subpart,horned,lower,horn,
subpart,intervenium,lower,intervenium,
subpart,jointed,lower,joint,
subpart,limb,lower,limb,
subpart,limbs,lower,limb,
subpart,locular,lower,locular,
subpart,margin,lower,margin,
subpart,margins,lower,margin,
subpart,node,lower,node,
subpart,orifice,lower,orifice,
part,paraphyllidia,lower,paraphyllidia,
subpart,pili,lower,pili,
subpart,pilus,lower,hair,
part,pinnae,lower,pinnae,
subpart,pore,lower,pore,
subpart,pores,lower,pore,
subpart,ranked,lower,ranked,
subpart,ray,lower,ray,
subpart,rayed,lower,ray,
subpart,rays,lower,ray,
subpart,rim,lower,rim,
subpart,scales,lower,scales,
subpart,segment,lower,segment,
part,stipe,lower,stipe,
part,stipes,lower,stipe,
subpart,teeth,lower,tooth,
margin,tooth,lower,tooth,
subpart,tube,lower,tube,
subpart,tubes,lower,tube,
subpart,valve,lower,valve,
subpart,valves,lower,valve,
subpart,villi,lower,villi,
subpart,villus,lower,villus,
subpart,wing,lower,wing,
subpart,wings,lower,wing,
surface,acanceous,lower,acanceous,
surface,acantha,lower,acantha,
surface,acanthocarpus,lower,acanthocarpus,
surface,acanthocladous,lower,acanthocladous,
surface,aculeate,lower,aculeate,
surface,aculeolate,lower,aculeolate,
surface,aden,lower,aden,
surface,adenoid,lower,adenoid,
surface,adenophore,lower,adenophore,
surface,adenophyllous,lower,adenophyllous,
surface,appressed-setose,lower,appressed-setose,
surface,arachnoid,lower,arachnoid,
surface,bloom,lower,bloom,
surface,canescent,lower,canescent,
surface,carnosulous,lower,carnosulous,
surface,chartaceous,lower,chartaceous,
surface,ciliate,lower,ciliate,
shape,clavate,lower,clavate,
surface,coriaceouse,lower,coriaceouse,
surface,cuticle,lower,cuticle,
surface,downy,lower,downy,
surface,echinate-aculeate,lower,echinate-aculeate,
surface,efoliate,lower,efoliate,
surface,fimbriate,lower,fimbriate,
surface,floccose,lower,floccose,
surface,glabrate,lower,glabrate,
surface,glabrous,lower,glabrous,
surface,glandular,lower,glandular,
surface,glandular-punctate,lower,glandular-punctate,
surface,glandular-setose,lower,glandular-setose,
surface,glandular-setulose,lower,glandular-setulose,
surface,granular,lower,granular,
surface,hairy,lower,hairy,
surface,hirsute,lower,hirsute,
surface,hispid,lower,hispid,
surface,hispid-pilose,lower,hispid-pilose,
surface,lanate,lower,lanate,
surface,lanate-tomentulose,lower,lanate-tomentulose,
surface,lepidote,lower,lepidote,
surface,membranous,lower,membranous,
surface,pallid-tomentulose,lower,pallid-tomentulose,
surface,papillate-puberulent,lower,papillate-puberulent,
surface,pilose,lower,pilose,
surface,pilosulous,lower,pilosulous,
surface,pliant,lower,pliant,
surface,prickly,lower,prickly,
surface,puberulecence,lower,puberulecence,
surface,puberulent,lower,puberulent,
surface,puberulous,lower,puberulent,
surface,pubescent,lower,pubescent,
surface,scabrous,lower,scabrous,
surface,scurfy,lower,scurfy,
surface,sericeous,lower,sericeous,
surface,setaculeate,lower,setaculeate,
surface,setose,lower,setose,
surface,setose-ciliate,lower,setose-ciliate,
surface,setulose,lower,setulose,
surface,silky,lower,silky,
surface,silky-canescent,lower,silky-canescent,
surface,silky-pilosulous,lower,silky-pilosulous,
surface,silky-tomentulose,lower,silky-tomentulose,
surface,smooth,lower,smooth,
surface,subappressed-strigose,lower,strigose,
surface,sublustrous,lower,sublustrous,
surface,surface,lower,surface,
surface,surfaces,lower,surface,
surface,tomentose,lower,tomentose,
surface,tomentulose,lower,tomentulose,
surface,unarmed,lower,unarmed,
surface,verrucose,lower,verrucose,
surface,villose,lower,villose,
surface,villosity,lower,villosity,
surface,villosulous,lower,villosulous,
surface,viscid,lower,viscid,
surface_leader,armed,lower,armed,
surface_leader,canescently,lower,canescently,
surface_leader,densely,lower,densely,
surface_leader,shortly,lower,shortly,
surface_leader,thinly,lower,thinly,
count_suffix,- nerved,lower,vein,venation
venation,acrodromous,lower,acrodromous,
venation,actinodromous,lower,actinodromous,
subpart,anastomosing,lower,anastomosing,
venation,brochidodromous,lower,brochidodromous,
venation,campylodromous,lower,campylodrom,
venation,craspedodromous,lower,craspedodromous,
subpart,furcate,lower,furcate,
subpart,nerveless,lower,veinless,
subpart,nerves,lower,vein,
subpart,prominulous,lower,prominulous,
venation,reticulate,lower,reticulate,
subpart,reticulum,lower,reticulum,
venation,vein,lower,vein,
venation,veinless,lower,veinless,
venation,veinlet ,lower,veinlet ,
venation,veins,lower,vein,
venation,venation,lower,vein,
subpart,venulation,lower,venulation,
woodiness,herb,lower,herb,
woodiness,herbaceous,lower,herbaceous,
woodiness,herbs,lower,herb,
woodiness,woody,lower,woody,
part,column,lower,column,
location,apical,lower,apical,
joined,connate,lower,,
joined,adherent,lower,,
joined,adnate,lower,,
joined,synsepalous,lower,,
joined,sympetalous,lower,,
joined,synfilamentous,lower,,
joined,synandrous,lower,,
joined,synantherous,lower,,
joined,syncarpous,lower,,
shape,connate-perfoliate,lower,,
shape,ovate-angulate,lower,ovate-polygonal,
shape,triagonal,lower,polygonal,
shape,quadagonal,lower,polygonal,
shape,quadilateral,lower,polygonal,
shape,discoid,lower,disk,
flower_part,disc,lower,disk,
flower_part,discs,lower,disk,
leaf_part,leaved,lower,,
location,basally,lower,basal,
shape,plano-compressed,lower,plano-compressed,
shape,planocompressed,lower,plano-compressed,
flower_part,intemode,lower,intemode,
fruit_part,syncarp,lower,syncarp,
location,synanthous,lower,synanthous,
subpart,microphyllidious,lower,microphyllidious,
subpart,microphyll,lower,microphyll,
count_suffix,- jug.,lower,pairs,count_group
count_suffix,-jug.,lower,pairs,count_group
fruit_part,fr,lower,fruit,
fruit_part,fr.,lower,fruit,
count_suffix,- pairs,lower,pairs,count_group
count_suffix,-pairs,lower,pairs,count_group
skip,leaf-formula,lower,,
skip,lf-formula,lower,,
location,distal,lower,distal,
location,proximal,lower,proximal,
part,underbark,lower,underbark,
part,cortex,lower,,
part,epidermis,lower,,
part,endodermis,lower,,
leaf_part,costate,lower,rib,
surface,strigose,lower,strigose,
part,mid-stem,lower,,
woodiness,subherbaceous,lower,herbaceous,
leaf_part,leaf-stalks,lower,leaf-stalk,
leaf_part,leafstalk,lower,leaf-stalk,
leaf_part,leafstalks,lower,leaf-stalk,
location,dorsiventral,lower,dorsiventral,
location,dorsiventrally,lower,dorsiventral,
leaf_part,pulvinules,lower,pulvinule,
subpart,aculeolus,lower,aculeolus,
subpart,aculeoli,lower,aculeolus,
leaf_part,lf - stk,lower,leaf-stalk,
leaf_part,lf - stks,lower,leaf-stalk,
surface,scaberulous,lower,scabrous,
leaf_part,lfstk,lower,leaf-stalk,
leaf_part,lfstks,lower,leaf-stalk,
surface,subappressed,lower,subappressed,
surface,pubemlent,lower,pubemlent,
shape,confluent,lower,,
part,pachycaul,lower,,
shape,labriform,lower,labriform,
part,interpinnal segment,lower,interpinnal segment,
part,interpinnal segments,lower,interpinnal segment,
part,interfoliolar segment,lower,interfoliolar segment,
part,interfoliolar segments,lower,interfoliolar segment,
surface,eglandular,lower,eglandular,
location,below,lower,below,
location,terminally,lower,terminal,
venation,rib,lower,rib,
venation,ribs,lower,rib,
shape,stellately,lower,stellate,
subpart,sulcus,lower,sulcus,
subpart,sulci,lower,sulcus,
subpart,subcallose,lower,subcallose,
location,intramarginal,lower,intramarginal,
dim,broad,lower,broad,
dim,broader,lower,broad,
part,spur,lower,spur,
part,spurs,lower,spur,
location,posterior,lower,posterior,
subpart,nerve,lower,vein,
surface,fimbriolate,lower,fimbriolate,
location,anterior,lower,anterior,
subpart,axis,lower,axis,
subpart,axes,lower,axis,
subpart,trichome,lower,trichome,
subpart,trichomes,lower,trichome,
part,set(ul)ae,lower,set(ul)ae,
subpart,primary axis,lower,primary axis,
surface,glandularsetose,lower,glandularsetose,
subpart,tip,lower,tip,
subpart,tips,lower,tip,
part,interpetiolar segments,lower,interpetiolar segment,
shape,mucronulate,lower,mucronulate,
shape,square,lower,square,
subpart,venule,lower,vein,
subpart,venules,lower,vein,
shape_leader,reticular,lower,reticular,
shape,vase-shaped,lower,vase-shaped,
shape,unicostate,lower,pinnate,
shape,multicostate,lower,palmate,
shape,arcuate,lower,arcuate,
shape,cross-venulate,lower,cross-venulate,
venation,dichotomous,lower,dichotomous,
shape,longitudinal,lower,longitudinal,
venation,parallel,lower,parallel,
venation,penni parallel,lower,parallelodromous,
venation,penni-parallel,lower,parallelodromous,
margin,forma integra,lower,entire,
margin,ciliata,lower,ciliate,
margin,crenata,lower,crenate,
margin,dentata,lower,dentate,
margin,denticulata,lower,denticulate,
margin,duplicato-dentata,lower,doubly serrate,
margin,duplicato dentata,lower,doubly serrate,
margin,serrata,lower,serrate,
margin,serrulata,lower,serrulate,
margin,sinuosa,lower,sinuate,
margin,lobata,lower,lobate,
margin,undulata,lower,undulate,
margin,spiculata,lower,spiny,
venation,feather-veined,lower,feather-veined,
venation,feather veined,lower,feather-veined,
venation,pinnate-netted,lower,pinnate-netted,
venation,pinnate netted,lower,pinnate-netted,
venation,penniribbed,lower,penniribbed,
venation,penninerved,lower,penninerved,
venation,penniveined,lower,penniveined,
venation,camptodromous,lower,camptodromous,
venation,hyphodromous,lower,hyphodromous,
venation,striate,lower,striate,
venation,parallelodromous,lower,parallelodrom,
venation,parallel-veined,lower,parallelodromous,
venation,parallel-ribbed,lower,parallelodromous,
venation,parallel-nerved,lower,parallelodromous,
venation,parallelodrom,lower,parallelodrom,
venation,campylodrom,lower,campylodrom,
venation,imperfect basal,lower,imperfect basal,
venation,imperfect reticulate,lower,imperfect reticulate,
venation,palinactodromous,lower,palinactodrom,
venation,palinactodrom,lower,palinactodrom,
venation,arbuscular,lower,arbuscular,
venation,arbuscularis,lower,arbuscular,
venation,flabellatus,lower,flabellate,
venation,palmatus,lower,palmate,
venation,collimate,lower,collimate,
venation,collimatus,lower,collimate,
venation,conglutinate,lower,conglutinate,
venation,conglutinatus,lower,conglutinate,
venation,eucamptodromous,lower,eucamptodromous,
venation,cladodromous,lower,cladodromous,
venation,palmate-netted,lower,palmate,
venation,palmately netted,lower,palmate,
venation,palmate-veined,lower,palmate,
venation,palmately veined,lower,palmate,
venation,fan-veined,lower,palmate,
venation,fan veined,lower,palmate,
venation,uninervous,lower,uninervous,
venation,uninerved,lower,uninervous,
venation,netted,lower,netted,
venation,pinnate parallel,lower,pinnate parallel,
venation,unicostate parallel,lower,unicostate parallel,
venation,palmate-parallel,lower,palmate-parallel,
venation,palmate parallel,lower,palmate-parallel,
venation,multicostate parallel,lower,multicostate parallel,
venation,multicostate parallel convergent,lower,multicostate parallel convergent,
venation,multicostate parallel divergent,lower,multicostate parallel divergent,
venation,veined,lower,veined,
venation,unicostate reticulate,lower,unicostate reticulate,
venation,multicostate convergent,lower,multicostate convergent,
venation,multicostate divergent,lower,multicostate divergent,
venation,ternately,lower,ternate-netted,
venation,ternate-netted,lower,ternate-netted,
venation,channelled,lower,channelled,
venation,guttered,lower,guttered,
venation,canalicululate,lower,channelled,
venation,impressed,lower,impressed,
venation,plinervy,lower,plinervy,
venation,plinerved,lower,plinervy,
venation,scalariform,lower,scalariform,
venation,submarginal,lower,submarginal,
venation,trinerved,lower,trinerved,
shape,cat's-claw,lower,cat's-claw,
shape,cats-claw,lower,cat's-claw,
shape,cat's claw,lower,cat's-claw,
dim,longo,lower,length,
surface,villous,lower,villose,
surface,hispidulous,lower,hispid,
surface,retroaculeate,lower,retroaculeate,
about,±,lower,about,
leaf_part,lf-axis,lower,leaf-axis,
leaf_part,leaf-axis,lower,leaf-axis,
leaf_part,leaf axis,lower,leaf-axis,
leaf_part,leaflet-pairs,lower,leaflet,
leaf_part,leaflet-pair,lower,leaflet,
subpart,lf-axil,lower,leaf-axil,
subpart,leaf-axil,lower,leaf-axil,
subpart,leaf axil,lower,leaf-axil,
fruit_part,samaras,lower,fruit,
plant_habit,treelet,lower,treelet,
plant_habit,treelets,lower,treelet,
subpart,spine,lower,spine,
subpart,spines,lower,spine,
part,beltian body,lower,beltian body,
part,beltian bodies,lower,beltian body,
margin,biseriate,lower,uniseriate,
leaf_part,stipular spines,lower,,
shape_leader,bipinnately,lower,bipinnate,
surface,subglabrous,lower,subglabrous,
inflorescence,umbels,lower,umbel,
subpart,rhachis,lower,rhachis,
subpart,rachilla,lower,rachilla,
subpart,rachillae,lower,rachilla,
shape,funnelshaped,lower,funnelform,
shape,funnel-shaped,lower,funnelform,
shape,umbellate,lower,umbellate,
shape,umbrella-shaped,lower,umbrella-shaped,
